{"0.5": 1.1800897121429443, "1.0": 1.2053529024124146, "1.5": 1.2348905801773071, "2.0": 1.2709028720855713, "2.5": 1.319185733795166, "3.0": 1.362484097480774, "3.5": 1.401647925376892, "4.0": 1.4515535831451416, "4.5": 1.4956693649291992, "5.0": 1.554093360900879, "5.5": 1.5967390537261963, "6.0": 1.6446380615234375, "6.5": 1.6878820657730103, "7.0": 1.7216160297393799, "7.5": 1.752361536026001, "8.0": 1.7939403057098389, "8.5": 1.826680064201355, "9.0": 1.8620563745498657, "9.5": 1.894629716873169, "10.0": 1.9272079467773438, "10.5": 1.9554442167282104, "11.0": 1.9824265241622925, "11.5": 2.011955738067627, "12.0": 2.037367820739746, "12.5": 2.057730197906494, "13.0": 2.0845158100128174, "13.5": 2.1068081855773926, "14.0": 2.127561092376709, "14.5": 2.1476197242736816, "15.0": 2.165461778640747, "15.5": 2.1850829124450684, "16.0": 2.2033064365386963, "16.5": 2.2222304344177246, "17.0": 2.241694211959839, "17.5": 2.25777268409729, "18.0": 2.273453712463379, "18.5": 2.288512706756592, "19.0": 2.3027257919311523, "19.5": 2.317734956741333, "20.0": 2.329602003097534, "20.5": 2.3441028594970703, "21.0": 2.3562731742858887, "21.5": 2.3686535358428955, "22.0": 2.3820362091064453, "22.5": 2.392979383468628, "23.0": 2.40437650680542, "23.5": 2.4136831760406494, "24.0": 2.422743797302246, "24.5": 2.4329819679260254, "25.0": 2.443382978439331, "25.5": 2.4521126747131348, "26.0": 2.4600045680999756, "26.5": 2.470449447631836, "27.0": 2.4776268005371094, "27.5": 2.4861252307891846, "28.0": 2.496278762817383, "28.5": 2.504601001739502, "29.0": 2.5161330699920654, "29.5": 2.523691177368164, "30.0": 2.5321662425994873, "30.5": 2.5395936965942383, "31.0": 2.5492846965789795, "31.5": 2.557323932647705, "32.0": 2.5664219856262207, "32.5": 2.574692964553833, "33.0": 2.582932472229004, "33.5": 2.5893967151641846, "34.0": 2.5963826179504395, "34.5": 2.604184627532959, "35.0": 2.611726760864258, "35.5": 2.61971378326416, "36.0": 2.6262269020080566, "36.5": 2.6347897052764893, "37.0": 2.6414170265197754, "37.5": 2.649596691131592, "38.0": 2.6554861068725586, "38.5": 2.6642608642578125, "39.0": 2.6711435317993164, "39.5": 2.6769800186157227, "40.0": 2.6830599308013916, "40.5": 2.6908347606658936, "41.0": 2.697166919708252, "41.5": 2.7031853199005127, "42.0": 2.7079215049743652, "42.5": 2.7144651412963867, "43.0": 2.7208621501922607, "43.5": 2.727731704711914, "44.0": 2.7326090335845947, "44.5": 2.739077091217041, "45.0": 2.744532346725464, "45.5": 2.7503676414489746, "46.0": 2.7563347816467285, "46.5": 2.7614967823028564, "47.0": 2.767062187194824, "47.5": 2.7730164527893066, "48.0": 2.777620792388916, "48.5": 2.783578634262085, "49.0": 2.7896034717559814, "49.5": 2.7945308685302734, "50.0": 2.8009395599365234, "50.5": 2.8058345317840576, "51.0": 2.8113696575164795, "51.5": 2.8172874450683594, "52.0": 2.8221089839935303, "52.5": 2.8262572288513184, "53.0": 2.8329524993896484, "53.5": 2.8392953872680664, "54.0": 2.8451642990112305, "54.5": 2.849761962890625, "55.0": 2.8539600372314453, "55.5": 2.858898878097534, "56.0": 2.863008499145508, "56.5": 2.8672966957092285, "57.0": 2.873540163040161, "57.5": 2.87790584564209, "58.0": 2.882809638977051, "58.5": 2.8876757621765137, "59.0": 2.893355369567871, "59.5": 2.8986306190490723, "60.0": 2.9029078483581543, "60.5": 2.907623767852783, "61.0": 2.9129176139831543, "61.5": 2.917032241821289, "62.0": 2.92164945602417, "62.5": 2.925694465637207, "63.0": 2.9298667907714844, "63.5": 2.9349913597106934, "64.0": 2.939561128616333, "64.5": 2.9444923400878906, "65.0": 2.9489831924438477, "65.5": 2.9526991844177246, "66.0": 2.956238031387329, "66.5": 2.96174693107605, "67.0": 2.9652276039123535, "67.5": 2.96955943107605, "68.0": 2.9742162227630615, "68.5": 2.97883939743042, "69.0": 2.9834282398223877, "69.5": 2.988076686859131, "70.0": 2.9937233924865723, "70.5": 2.998708724975586, "71.0": 3.0038437843322754, "71.5": 3.0075790882110596, "72.0": 3.0119123458862305, "72.5": 3.0162949562072754, "73.0": 3.0209453105926514, "73.5": 3.0247397422790527, "74.0": 3.0286035537719727, "74.5": 3.032587766647339, "75.0": 3.0368762016296387, "75.5": 3.041433572769165, "76.0": 3.0459506511688232, "76.5": 3.050483226776123, "77.0": 3.0551564693450928, "77.5": 3.0598058700561523, "78.0": 3.063619613647461, "78.5": 3.0681166648864746, "79.0": 3.0723695755004883, "79.5": 3.076791763305664, "80.0": 3.081907272338867, "80.5": 3.0867276191711426, "81.0": 3.0912938117980957, "81.5": 3.0953803062438965, "82.0": 3.100081443786621, "82.5": 3.1037657260894775, "83.0": 3.1092374324798584, "83.5": 3.1139774322509766, "84.0": 3.11830472946167, "84.5": 3.1234493255615234, "85.0": 3.128183126449585, "85.5": 3.1327998638153076, "86.0": 3.1379387378692627, "86.5": 3.1425442695617676, "87.0": 3.1481783390045166, "87.5": 3.1528396606445312, "88.0": 3.157719373703003, "88.5": 3.1647143363952637, "89.0": 3.170559883117676, "89.5": 3.175976514816284, "90.0": 3.182796001434326, "90.5": 3.18890643119812, "91.0": 3.194591760635376, "91.5": 3.200572967529297, "92.0": 3.2095160484313965, "92.5": 3.216787099838257, "93.0": 3.223564624786377, "93.5": 3.2314701080322266, "94.0": 3.2381386756896973, "94.5": 3.245044231414795, "95.0": 3.252424955368042, "95.5": 3.2619240283966064, "96.0": 3.2720725536346436, "96.5": 3.2813973426818848, "97.0": 3.2905449867248535, "97.5": 3.3011703491210938, "98.0": 3.313929557800293, "98.5": 3.328427791595459, "99.0": 3.3482697010040283, "99.5": 3.374887466430664}